SAMPLE.TUMOR	CHROM	start_position	end_position
PD9063	2	100855618	100857862
PD9063	10	44419254	56388130
PD9063	1	8201092	21568616
PD9063	1	16242008	16244248
PD9063	2	100260044	100261776
PD9063	1	20863089	20864261
PD9063	10	61958008	61959590
PD9063	1	10763023	49991426
PD9063	1	20433840	47424187
PD9063	1	19304491	82469552
PD9063	1	43366313	43368025
PD9063	1	168740852	168746285
PD9063	8	80923817	117654558
PD9063	18	12646145	12664060
PD13419	6	105338397	109419734
PD13419	6	7123698	163847373
PD13419	5	54649562	86737998
PD13419	5	133351350	133356955
PD13419	6	109412112	127613032
PD13419	6	7056697	58206613
PD13419	6	16988189	93855568
PD13419	5	95967671	101658548
PD13419	1	3555591	3672726
PD17991	1	85690834	109709272
PD4264	8	37589481	40339883
PD4264	6	13737008	22701912
PD4264	8	40347583	40902314
PD4264	8	36704184	43186001
PD4264	6	42631456	45371411
PD4264	6	11054598	12895091
PD4264	8	36713673	41266133
PD4264	8	67891250	67999300
PD4264	6	136922663	137107288
PD4264	16	23659379	24583148
PD4264	4	25518239	39134476
PD4264	6	108258596	108282189
PD4951	10	66218987	66234025
PD4951	5	96438226	96449737
PD4951	12	46372954	46386657
PD4951	5	58304655	58305799
PD4951	18	11154455	11165119
PD4951	13	31760725	62700604
PD4951	8	134945830	134946975
PD4951	3	37245890	88999825
PD4951	15	88835720	88836757
PD4951	17	74254878	74425252
PD4951	6	41549719	55627334
PD4951	12	100597405	100599508
PD4951	12	40077237	40088856
PD4951	15	28193422	28194705
